[
  {
    "inputs": [],
    "name": "MAX_PROTOCOL_SHARE",
    "outputs": [
      {
        "internalType": "uint128",
        "name": "",
        "type": "uint128"
      }
    ],
    "stateMutability": "view",
    "type": "function"
  },
  {
    "inputs": [],
    "name": "TOTAL_SHARE",
    "outputs": [
      {
        "internalType": "uint128",
        "name": "",
        "type": "uint128"
      }
    ],
    "stateMutability": "view",
    "type": "function"
  },
  {
    "inputs": [],
    "name": "TYPE_HASH",
    "outputs": [
      {
        "internalType": "bytes32",
        "name": "",
        "type": "bytes32"
      }
    ],
    "stateMutability": "view",
    "type": "function"
  }
]
